course_num,n,slope,intercept,r,t_stat,p_value
12,544,-5.381345,51.316042,-0.271632,-6.570881,0.000000
500,506,-4.239916,46.848939,-0.240872,-5.571604,0.000000
11,720,-2.243950,57.081305,-0.120166,-3.243411,0.001181
510,779,-1.519981,53.527243,-0.090399,-2.530204,0.011400
665,742,-0.941412,56.056475,-0.040632,-1.106237,0.268624
896,49,0.000000,24.000000,0.000000,0.000000,1.000000