course_num,n,slope,intercept,r,t_stat,p_value
9,843,-2.286869,49.386011,-0.158632,-4.659340,0.000003
500,434,-2.633683,44.652674,-0.146506,-3.078291,0.002082
656,117,-5.071002,29.914752,-0.135763,-1.469498,0.141698
928,409,-0.474451,50.409716,-0.014960,-0.301833,0.762780
665,409,-0.474451,50.409716,-0.014960,-0.301833,0.762780
6,309,0.693988,53.712989,0.013708,0.240199,0.810176
765,234,0.188014,49.407224,0.003038,0.046273,0.963092
688,30,0.000000,14.833333,0.000000,0.000000,1.000000
933,30,0.000000,14.933333,0.000000,0.000000,1.000000