course_num,n,slope,intercept,r,t_stat,p_value
500,1029,-3.240239,55.306472,-0.282900,-9.452183,0.000000
9,1438,-1.913675,53.989990,-0.197005,-7.614661,0.000000
656,235,-2.537944,27.450215,-0.174913,-2.711734,0.006693
688,118,-1.492278,15.995524,-0.180366,-1.974994,0.048269
765,620,-1.013812,51.848976,-0.041686,-1.037199,0.299643
6,615,-0.276273,54.064460,-0.012275,-0.303946,0.761169
928,409,-0.474451,50.409716,-0.014960,-0.301833,0.762780
665,409,-0.474451,50.409716,-0.014960,-0.301833,0.762780
933,30,0.000000,14.933333,0.000000,0.000000,1.000000