course_num,n,slope,intercept,r,t_stat,p_value
656,117,-5.071002,29.914752,-0.135763,-1.469498,0.141698
9,211,-1.665875,33.272619,-0.072256,-1.047324,0.294950
928,409,-0.474451,50.409716,-0.014960,-0.301833,0.762780
776,309,0.693988,53.712989,0.013708,0.240199,0.810176
765,234,0.188014,49.407224,0.003038,0.046273,0.963092
241,155,0.000000,56.038710,0.000000,0.000000,1.000000
872,68,0.000000,33.176471,0.000000,0.000000,1.000000
688,30,0.000000,14.833333,0.000000,0.000000,1.000000
933,30,0.000000,14.933333,0.000000,0.000000,1.000000