course_num,n,slope,intercept,r,t_stat,p_value
872,376,-13.496302,56.944988,-0.382923,-8.016388,0.000000
12,544,-5.381345,51.316042,-0.271632,-6.570881,0.000000
11,842,-2.728898,57.964475,-0.174430,-5.134181,0.000000
977,618,-2.868796,59.640230,-0.112838,-2.818572,0.004824
897,546,-2.824597,55.452243,-0.101604,-2.382117,0.017213
21,619,-1.213348,52.694604,-0.056651,-1.409445,0.158704
665,876,-0.869997,55.629612,-0.044697,-1.322734,0.185924
241,155,0.000000,56.038710,0.000000,0.000000,1.000000