course_num,n,slope,intercept,r,t_stat,p_value
510,1285,-1.731261,52.778108,-0.184170,-6.711595,0.000000
500,506,-4.239916,46.848939,-0.240872,-5.571604,0.000000
14,506,-4.239916,46.848939,-0.240872,-5.571604,0.000000
4,909,-2.821467,59.707428,-0.156519,-4.772624,0.000002
704,1897,-0.717323,51.628267,-0.095197,-4.162969,0.000031
202,149,0.969909,70.926210,0.264375,3.323637,0.000889
233,202,0.264764,71.375837,0.066273,0.939309,0.347572