course_num,n,slope,intercept,r,t_stat,p_value
12,544,-5.381345,51.316042,-0.271632,-6.570881,0.000000
11,842,-2.728898,57.964475,-0.174430,-5.134181,0.000000
21,619,-1.213348,52.694604,-0.056651,-1.409445,0.158704
665,742,-0.941412,56.056475,-0.040632,-1.106237,0.268624
714,320,1.565682,27.461715,0.059452,1.062064,0.288207