course_num,n,slope,intercept,r,t_stat,p_value
12,544,-5.381345,51.316042,-0.271632,-6.570881,0.000000
11,720,-2.243950,57.081305,-0.120166,-3.243411,0.001181
510,779,-1.519981,53.527243,-0.090399,-2.530204,0.011400
752,760,-1.844760,57.208857,-0.087046,-2.405674,0.016143
21,619,-1.213348,52.694604,-0.056651,-1.409445,0.158704
665,742,-0.941412,56.056475,-0.040632,-1.106237,0.268624