course_num,n,slope,intercept,r,t_stat,p_value
12,544,-5.381345,51.316042,-0.271632,-6.570881,0.000000
11,720,-2.243950,57.081305,-0.120166,-3.243411,0.001181
752,760,-1.844760,57.208857,-0.087046,-2.405674,0.016143
734,428,2.086525,52.933460,0.056229,1.162395,0.245075
665,742,-0.941412,56.056475,-0.040632,-1.106237,0.268624
714,320,1.565682,27.461715,0.059452,1.062064,0.288207
928,409,-0.474451,50.409716,-0.014960,-0.301833,0.762780