course_num,n,slope,intercept,r,t_stat,p_value
12,544,-5.381345,51.316042,-0.271632,-6.570881,0.000000
11,842,-2.728898,57.964475,-0.174430,-5.134181,0.000000
752,760,-1.844760,57.208857,-0.087046,-2.405674,0.016143
665,876,-0.869997,55.629612,-0.044697,-1.322734,0.185924
734,428,2.086525,52.933460,0.056229,1.162395,0.245075
714,320,1.565682,27.461715,0.059452,1.062064,0.288207
928,409,-0.474451,50.409716,-0.014960,-0.301833,0.762780