event_id,season,odds_year,book,market,total_rows,rows_with_outcomes,avg_edge,median_edge,hit_rate,brier,log_loss
475,2026,2026,caesars,top_10,135,128,0.35771074629391897,0.37410804534841063,0.0390625,0.21513599477527634,0.6231257486405716
